candidate_id,organization,research_status,record_link,relationship_hypothesis,outreach_draft,draft_review_status,message_status,reply_status,conversation_status,next_preparation_action,last_checked
C01,BABL AI,Public role and route checked,research/BD_CANDIDATES.md#c01--babl-ai,Peer or methodology collaborator,OUTREACH_DRAFTS.md#d01--babl-ai,Personal review pending,Not sent,Not recorded,Not conducted,Personally review company-form methodology routing request,2026-10-04
C02,Trail of Bits,Public role and route checked,research/BD_CANDIDATES.md#c02--trail-of-bits,Peer or technical collaborator,OUTREACH_DRAFTS.md#d02--trail-of-bits,Personal review pending,Not sent,Not recorded,Not conducted,Personally review named-lead greeting and company routing line,2026-10-04
C03,NCC Group,Research complete,research/BD_CANDIDATES.md#c03--ncc-group,Peer or methodology collaborator,OUTREACH_DRAFTS.md#d03--ncc-group,Personal review pending,Not sent,Not recorded,Not conducted,Personally review D03 and rehearse; review verified AI team and route evidence in C03,2026-10-04
C04,Bishop Fox,Research complete,research/BD_CANDIDATES.md#c04--bishop-fox,Peer or collaborator,OUTREACH_DRAFTS.md#d04--bishop-fox,Personal review pending,Not sent,Not recorded,Not conducted,Personally review D04 and rehearse; review verified company team and route evidence in C04,2026-10-04
C05,Eticas.ai,Public role and route checked,research/BD_CANDIDATES.md#c05--eticasai,Peer or methodology collaborator,OUTREACH_DRAFTS.md#d05--eticasai,Personal review pending,Not sent,Not recorded,Not conducted,Personally review commercial-team greeting and methodology routing,2026-10-04
C06,AI & Partners,Research complete,research/BD_CANDIDATES.md#c06--ai--partners,Peer or collaborator,,Not drafted,Not sent,Not recorded,Not conducted,Inspect public pre-audit report or change-review workflow,2026-10-04
C07,Holistic AI,Research complete,research/BD_CANDIDATES.md#c07--holistic-ai,Peer or technical collaborator,,Not drafted,Not sent,Not recorded,Not conducted,Inspect public evidence-exchange or export documentation,2026-10-04
C08,Advai,Research complete,research/BD_CANDIDATES.md#c08--advai,Peer or collaborator,,Not drafted,Not sent,Not recorded,Not conducted,Inspect documented integration and change-to-sign-off handling,2026-10-04
C09,Resaro,Research complete,research/BD_CANDIDATES.md#c09--resaro,Peer or collaborator,,Not drafted,Not sent,Not recorded,Not conducted,Inspect public evaluation example for external-evidence boundaries,2026-10-04
C10,LRQA Cyber Security,Research complete,research/BD_CANDIDATES.md#c10--lrqa-cyber-security,Cybersecurity practitioner peer,,Not drafted,Not sent,Not recorded,Not conducted,Inspect current report scope and version handling,2026-10-04
